normalized_feature,datasheet-axis-m3905-r-dome-camera-en-US-506723,h6-xp-dome-camera-datasheet,video-security-cd22-datasheet
the product provides 0 lux with ir illuminators on.,missing,missing,present
the product provides 0.009 lux @ f1.9 (color).,missing,missing,present
"the product provides 1. all our cameras record in ""adaptive quality,"" capturing both standard (sq) and high quality (hq) streams. sq video is stored up to the amount of retention specifi ed by.",missing,missing,present
"the product provides 1. all our cameras record in ""adaptive quality,"" capturing both standard and high quality streams. standard quality (sq) video is stored up to the amount of retention specified by.",missing,missing,present
the product provides 104.3mm.,missing,missing,present
the product provides 146.0mm / 5.75in.,missing,missing,present
"the product provides 2. lens distortion correction (ldc) crops the sensor fi eld of view to deliver a rectifi ed, undistorted output image.",missing,missing,present
"the product provides 2. thisproductincludessoftwaredevelopedbytheopensslprojectforuseintheopenssltoolkit.(openssl.org),andcryptographicsoftware.",present,missing,missing
the product provides 3. frame rate can be adjusted by support.,missing,missing,present
the product provides 4. extended temperature range includes operating temperatures below -10°c / 14°f and assumes ir will be enabled.,missing,missing,present
"the product provides 4. thisproductincludessoftwaredevelopedbytheopensslprojectforuseintheopenssltoolkit.(openssl.org),andcryptographicsoftware.",present,missing,missing
the product provides 4.11in.,missing,missing,present
the product provides 50%. zipstream also includes three intelligent.,present,missing,missing
"the product provides 62368-1, ik08 impact rating, fy2019 screw pack, mounting template.",missing,missing,present
the product provides acc-cam-shield-1 camera weather shield $79.,missing,missing,present
the product provides acc-mnt-angle-1 angle mount $149.,missing,missing,present
the product provides acc-mnt-arm-1 arm mount $99.,missing,missing,present
the product provides acc-mnt-cjbox-1 circle junction box mount $109.,missing,missing,present
the product provides acc-mnt-clip-1 tile clip mount $99.,missing,missing,present
the product provides acc-mnt-corner-1 corner mount $199.,missing,missing,present
the product provides acc-mnt-lbrac-1 l-bracket mount $129.,missing,missing,present
the product provides acc-mnt-pend-1 pendant cap mount $69.,missing,missing,present
the product provides acc-mnt-pole-1 pole mount $209.,missing,missing,present
the product provides acc-mnt-rec-2 recess ceiling mount $149.,missing,missing,present
the product provides accessories pricing.,missing,missing,present
the product provides additional hardware.,missing,missing,present
"the product provides alerts streaming and storage selectable storage location, low bandwidth.",missing,missing,present
"the product provides also keeping aesthetics top-of-mind. installation is simple and intuitive, and setup is easy to track with an led status.",missing,missing,present
the product provides and vehicle detection • led light status indicator.,missing,missing,present
the product provides aperture f1.6 minimum illumination.,missing,missing,present
the product provides archiving of footage.,missing,missing,present
the product provides audio not supported.,missing,missing,present
the product provides audio support: no.,missing,missing,present
the product provides audit log.,missing,missing,present
the product provides camera features.,missing,missing,present
"the product provides camera status, motion detection,.",missing,missing,present
the product provides camera: 608g / 21.45oz.,missing,missing,present
the product provides capacity: from 256gb to 768gb.,missing,missing,present
"the product provides card: microsd, sdxc.",missing,missing,present
the product provides cd22 indoor dome camera.,missing,missing,present
the product provides cd22 pricing.,missing,missing,present
the product provides cd22-256-hw 3mp fixed 10m / 33ft 256gb 30 days – $599.,missing,missing,present
the product provides cd22-512-hw 3mp fixed 10m / 33ft 512gb 60 days – $999.,missing,missing,present
"the product provides cd22-768-hw 3mp fixed 10m / 33ft 768gb 90 days – $1,399.",missing,missing,present
the product provides cd22.,missing,missing,present
the product provides certifi cations included accessories.,missing,missing,present
the product provides clear image quality hybrid cloud architecture.,missing,missing,present
"the product provides cloud backup, confi gurable retention days,.",missing,missing,present
"the product provides compression h.265, h.264 historical video settings adaptive quality1.",missing,missing,present
the product provides connection; 10 / 100 mbps.,missing,missing,present
"the product provides crowd detection, line-crossing.",missing,missing,present
"the product provides detection, loitering detection.",missing,missing,present
the product provides diagonal: 128° (91°).,missing,missing,present
the product provides dimensions.,missing,missing,present
the product provides dome series.,missing,missing,present
the product provides essential 3mp coverage for.,missing,missing,present
the product provides essential detection easy installation.,missing,missing,present
the product provides extended temperature range: n/a.,missing,missing,present
"the product provides fcc, ices, ce, ukca, rcm, cb,.",missing,missing,present
the product provides field of view (after ldc2) vertical: 71° (63°) cpu ambarella cv25s88.,missing,missing,present
the product provides focal length 2.8mm ir range 10m / 33ft.,missing,missing,present
"the product provides forensic wdr, it provides details even in challenging light conditions. with traffic light mode, it can distinguish the.",present,missing,missing
the product provides frame rate3 24fps live streaming settings.,missing,missing,present
the product provides general.,missing,missing,present
"the product provides high quality (hq): up to 3,000 kbps (default).",missing,missing,present
the product provides horizontal: 97° (78°).,missing,missing,present
the product provides https://docs.verkada.com/docs/adaptive-quality-recording-whitepaper.pdf.,missing,missing,present
the product provides humidity 0 to 90% warranty 5 years.,missing,missing,present
"the product provides image sensor 1 / 2.8"" progressive cmos shutter speed 1 / 30 sec. to 1 / 10,000 sec.",missing,missing,present
"the product provides image sensor and 10 meters / 33 feet of ir range, the cd22 offers reliable visibility for organizations seeking quick and.",missing,missing,present
the product provides indicator. the included mount plate additionally allows the camera to be mounted to a wall or ceiling without any.,missing,missing,present
"the product provides inj-poe-plus poe plus (802.3at type 2) injector, gige $129.",missing,missing,present
the product provides iris fixed onboard storage.,missing,missing,present
the product provides key features.,missing,missing,present
the product provides lens type fixed ir cut filter yes.,missing,missing,present
"the product provides less.itincludesaniothubthatprovidescompatibilitywithz-wavedevices,suchasbuttonsandsensors,.",missing,present,missing
"the product provides lic-cam-10y-cap 10-year camera license, capacity increase $1,999.",missing,missing,present
"the product provides lic-cam-10y-rnw 10-year camera license, renewal $1,999.",missing,missing,present
"the product provides lic-cam-1y-cap 1-year camera license, capacity increase $219.",missing,missing,present
"the product provides lic-cam-1y-rnw 1-year camera license, renewal $219.",missing,missing,present
"the product provides lic-cam-3y-cap 3-year camera license, capacity increase $599.",missing,missing,present
"the product provides lic-cam-3y-rnw 3-year camera license, renewal $599.",missing,missing,present
"the product provides lic-cam-5y-cap 5-year camera license, capacity increase $999.",missing,missing,present
"the product provides lic-cam-5y-rnw 5-year camera license, renewal $999.",missing,missing,present
"the product provides lic-vx-10y-cap 10-year viewing station license, capacity increase $3,999.",missing,missing,present
"the product provides lic-vx-10y-rnw 10-year viewing station license, renewal $3,999.",missing,missing,present
"the product provides lic-vx-1y-cap 1-year viewing station license, capacity increase $499.",missing,missing,present
"the product provides lic-vx-1y-rnw 1-year viewing station license, renewal $499.",missing,missing,present
"the product provides lic-vx-3y-cap 3-year viewing station license, capacity increase $1,299.",missing,missing,present
"the product provides lic-vx-3y-rnw 3-year viewing station license, renewal $1,299.",missing,missing,present
"the product provides lic-vx-5y-cap 5-year viewing station license, capacity increase $1,999.",missing,missing,present
"the product provides lic-vx-5y-rnw 5-year viewing station license, renewal $1,999.",missing,missing,present
"the product provides live links, live face blur, privacy regions,.",missing,missing,present
the product provides max concurrent streams: 2.,missing,missing,present
the product provides maximum people/.,missing,missing,present
the product provides mechanical.,missing,missing,present
"the product provides mode, timelapse, rtsp.",missing,missing,present
the product provides model number description cost (msrp) usd.,missing,missing,present
the product provides model number mp1 wdr lens ir range storage sq onboard vehicle (msrp) usd.,missing,missing,present
the product provides monitoring indoor environments.,missing,missing,present
the product provides mountplate: 140g / 4.94oz.,missing,missing,present
the product provides nan.,missing,missing,present
the product provides ndaa compliant.,missing,missing,present
the product provides onboard cost.,missing,missing,present
the product provides operating temperature -10°c to 50°c / 14°f to 122°f led indicator system power and status indicator.,missing,missing,present
the product provides ordering information.,missing,missing,present
the product provides overview.,missing,missing,present
"the product provides people analytics motion search, trajectory analysis sharing and privacy.",missing,missing,present
the product provides people and vehicles. the cd22 is optimized for covering spaces like storage closets and store aisles where supplemental.,missing,missing,present
"the product provides people detection, vehicle detection,.",missing,missing,present
the product provides power and network.,missing,missing,present
"the product provides power consumption4 without ir: 37-57v, 0.11-0.07a, 4.3w rtsp.",missing,missing,present
the product provides power input4 without ir: ieee 802.3af type 1 poe connectivity.,missing,missing,present
the product provides retention1 analytics.,missing,missing,present
the product provides rfc 2326.,missing,missing,present
the product provides rj-45 cable connector for network/poe.,missing,missing,present
the product provides rotation: 180°.,missing,missing,present
the product provides rtsp 1.0.,missing,missing,present
the product provides scalable deployments. the cd22 includes an onboard cv25s ambarella processor to detect and alert on the presence of.,missing,missing,present
the product provides sensor movement pan: 355°.,missing,missing,present
the product provides sensor resolution1 3mp (2048 x 1536) day/night ir-cut fi lter for day and night function.,missing,missing,present
the product provides software capabilities.,missing,missing,present
the product provides standard audio settings.,missing,missing,present
the product provides standard quality (sq): up to 600 kbps.,missing,missing,present
the product provides standard video settings.,missing,missing,present
the product provides tech specs.,missing,missing,present
the product provides the cd22 dome camera provides essential 3mp coverage in a variety of indoor spaces. with its 1 / 2.8” progressive cmos.,missing,missing,present
"the product provides the cd22’s sleek design and ik08 impact rating enable organizations to deploy a durable, tamper-resistant camera while.",missing,missing,present
"the product provides the customer. the amount of high quality video stored on the camera will depend on the amount of motion detected by the camera over time. to learn more, visit our website:.",missing,missing,present
"the product provides the customer. the amount of hq video stored on the camera will depend on the amount of motion detected by the camera over time. to learn more, visit our website:.",missing,missing,present
"the product provides the product provides (4:3)1280x960,800x600,640x480,512x384, (4:3)1920x1440,1600x1200,1280x960,800x600,640.",missing,present,missing
"the product provides the product provides (4:3)1984x1488*,1920x1440,1600x1200,1280 (4:3)2880x2160*,2560x1920,2304x1728,1920x1440,.",missing,present,missing
the product provides the product provides (4:3)35°–78° (4:3)11°–31°.,missing,present,missing
the product provides the product provides (dxh).,missing,present,missing
the product provides the product provides (h6xpdomecamera+cladp-1001).,missing,present,missing
the product provides the product provides (h6xpdomecamera+h6a-mt-npta1).,missing,present,missing
the product provides the product provides (h6xpdomecamera+h6a-mt-npta1+wlmt-1021).,missing,present,missing
the product provides the product provides (h6xpdomecamera+providedsurfacemount).,missing,present,missing
the product provides the product provides (highpower850nmleds) 25m(82ft)fullwide 40m(131ft)fullwide.,missing,present,missing
"the product provides the product provides (hxv)and (4:3)1984x1488 (4:3)2880x2160,2560x1920.",missing,present,missing
"the product provides the product provides (iec62676) (tripleexposure,20fpsorless).",missing,present,missing
the product provides the product provides (nas).,present,missing,missing
"the product provides the product provides (nts),x.509certificatepki,host-basedfirewall.",present,missing,missing
"the product provides the product provides (tee),axisdeviceid,securekeystore,signedvideo, storage conditions.",present,missing,missing
"the product provides the product provides (tripleexposure,20fpsorless).",missing,present,missing
the product provides the product provides *onlyavailableathalfframerateoftheprimarystream.,missing,present,missing
"the product provides the product provides 1. werecommendamaximumof3uniquevideostreamspercameraorchannel,foroptimizeduserexperience,networkbandwidth,andstorage.",present,missing,missing
the product provides the product provides 1/2.9”progressivescanrgbcmos 16:9:1920x1080to640x360.,present,missing,missing
the product provides the product provides 10.9-29 4.0 ✓ ✓ ✓ ✓ ✓ ✓ mm.,missing,present,missing
the product provides the product provides 10.9-29 8.0 ✓ ✓ ✓ ✓ ✓ ✓ mm.,missing,present,missing
the product provides the product provides 10.9-29.,missing,present,missing
"the product provides the product provides 1024mbram,512mbflash.",present,missing,missing
"the product provides the product provides 1analyticscapabilities,includingdetectionrange,mayvarybycameraline.pleaseconsulttheavigilonself-learningvideoanalyticsdesignguidefor.",missing,present,missing
the product provides the product provides 1maxframerateof60fpsisonlyachievablewithhighframeratemodeenabled.highframeratemodewilldisableanalytics.,missing,present,missing
the product provides the product provides 1separatelicenserequired.,missing,present,missing
"the product provides the product provides 2.8mm,f1.2:.",present,missing,missing
the product provides the product provides 2.8mmlens doridefinition distance.,present,missing,missing
the product provides the product provides 20250908-enrev2.,missing,present,missing
the product provides the product provides 241g(0.53lb).,present,missing,missing
the product provides the product provides 256bit).,present,missing,missing
the product provides the product provides 2irilluminationpowermaybereducedathigheroperatingtemperatures.,missing,present,missing
the product provides the product provides 2thedetectionrangeislimitedtoupto8metersinloudenvironments.,missing,present,missing
the product provides the product provides 3. fordetectionoftamperingattemptsinstaticandnon-crowdedscenes.,present,missing,missing
"the product provides the product provides 3.6mm,f2.0: frame rate.",present,missing,missing
"the product provides the product provides 3.6mm,f2.0:.",present,missing,missing
the product provides the product provides 3.6mmlens doridefinition distance.,present,missing,missing
"the product provides the product provides 368x264 x480,512x384,384x288,368x264.",missing,present,missing
"the product provides the product provides 384x216 288,384x216.",missing,present,missing
"the product provides the product provides 3diffserv,ftp,sftp,cifs/smb,smtp,mdns(bonjour), overlaytext.",present,missing,missing
the product provides the product provides 3testedmaximumcapacityis1.5tb.,missing,present,missing
the product provides the product provides 3thedetectionrangeisinfluencedbythequalityandpowerofthedeviceusedtocreatethepanicalarm.,missing,present,missing
the product provides the product provides 4.0c-h6xp-do1-ir-na 4.0 ✓ ✓ ✓ ✓ ✓ ✓.,missing,present,missing
the product provides the product provides 4.0c-h6xp-do2-ir-na 4.0 ✓ ✓ ✓ ✓ ✓ ✓.,missing,present,missing
the product provides the product provides 4.0mp 8.0mp(4kultrahd).,missing,present,missing
the product provides the product provides 4.4-9.3 4.0 ✓ ✓ ✓ ✓ ✓ ✓ mm.,missing,present,missing
the product provides the product provides 4.4-9.3 8.0 ✓ ✓ ✓ ✓ ✓ ✓ mm.,missing,present,missing
the product provides the product provides 4.4-9.3.,missing,present,missing
the product provides the product provides 4.4-9.3mm 10.9-29mm.,missing,present,missing
"the product provides the product provides 432,640x360,512x288 768x432,640x360,512x288.",missing,present,missing
the product provides the product provides 4:3:1280x960to320x240.,present,missing,missing
the product provides the product provides 4mp 8mp.,missing,present,missing
the product provides the product provides 4mp&8 mp.,missing,present,missing
the product provides the product provides 4mp.,missing,present,missing
the product provides the product provides 4onlyappliestothein-ceilingcameramodels.,missing,present,missing
"the product provides the product provides 5-yearwarranty,seeaxis.com/warranty.",present,missing,missing
the product provides the product provides 8.0c-h6xp-do1-ir-na 8.0 ✓ ✓ ✓ ✓ ✓ ✓.,missing,present,missing
the product provides the product provides 8.0c-h6xp-do2-ir-na 8.0 ✓ ✓ ✓ ✓ ✓ ✓.,missing,present,missing
the product provides the product provides 8mp (16:9)47°–109° (16:9)15°–42°.,missing,present,missing
the product provides the product provides 8mp withir:0luxinmonochromemode withir:0luxinmonochromemode.,missing,present,missing
the product provides the product provides 8mp.,missing,present,missing
"the product provides the product provides 90°,180°,270°includingcorridorformat,dynamic.",present,missing,missing
the product provides the product provides > 88°horizontalfieldofview.,present,missing,missing
"the product provides the product provides > compact,ruggeddesign.",present,missing,missing
the product provides the product provides > indoorcamera.,present,missing,missing
the product provides the product provides > lightfinderandforensicwdr.,present,missing,missing
the product provides the product provides > trafficlightmode.,present,missing,missing
the product provides the product provides [x.xx] inches.,missing,present,missing
the product provides the product provides a blur in challenging light conditions. the difference.,present,missing,missing
the product provides the product provides absolutemaximum 74°c(165°f)pernemats2(temp.)para2.2.7.2-2.2.7.7.,missing,present,missing
the product provides the product provides ac136-na-avo z-wavepanicbutton.,missing,present,missing
the product provides the product provides acap.,present,missing,missing
the product provides the product provides access control keys etc.) against malicious extraction in.,present,missing,missing
"the product provides the product provides accessoryonlydimensions n/a 219mmx115mm;8.62""x4.52"" 155mmx65mm;6.1""x2.55"".",missing,present,missing
the product provides the product provides accversion7.2orhigher allsupportedanalyticeventswithpeopleandvehiclesasclassifiedobjects.appearancesearchwhenpairedwith.,missing,present,missing
"the product provides the product provides address,storagefailure,systemready,withinoperating.",present,missing,missing
"the product provides the product provides adjustmentrange pan360°,azimuth349°,tilt92°.",missing,present,missing
"the product provides the product provides algorithms, which ensure that relevant forensic.",present,missing,missing
the product provides the product provides allconnectorssupportpoe.,present,missing,missing
the product provides the product provides allowingvideotobetracedbacktotheaxiscamerafrom.,present,missing,missing
the product provides the product provides amountoftime.,missing,present,missing
the product provides the product provides analytics specifications.,missing,present,missing
the product provides the product provides andaxiscameraapplicationplatform(acap);.,present,missing,missing
the product provides the product provides andencryptedfirmware.,missing,present,missing
the product provides the product provides andintegratewithexistingsystems.expandthecamera's crowdsorpeoplecrawlingnearyourperimeter.classifymore.,missing,present,missing
"the product provides the product provides andonvif®profilet,specificationatonvif.org axisvideomotiondetection,activetamperingalarm3.",present,missing,missing
the product provides the product provides applicationprogramming interface.,present,missing,missing
the product provides the product provides appropriateserverhardware.unusualactivitydetection.h.265supported.,missing,present,missing
the product provides the product provides approvals.,present,missing,missing
the product provides the product provides area.,missing,present,missing
the product provides the product provides aspectratio.,missing,present,missing
the product provides the product provides audioanalytics&recording dynamicprivacymasking.,missing,present,missing
"the product provides the product provides audiocompressionmethod g.711pcm8khz,opus.",missing,present,missing
the product provides the product provides audioinput/output linelevelinputandoutput.,missing,present,missing
"the product provides the product provides authentication,fips140-2l1(withoptionalcameralicense),onboardfips140-2l3certifiedtpm,secureboot,signed.",missing,present,missing
the product provides the product provides auxiliaryi/o.,missing,present,missing
the product provides the product provides availableataxis.com.,present,missing,missing
the product provides the product provides availableataxis.com/products/axis-m3905-r#part-.,present,missing,missing
the product provides the product provides availableataxis.com/vms.,present,missing,missing
the product provides the product provides avigilonsoftwaresupportedfeatures.,missing,present,missing
the product provides the product provides avigilonunityvideo8.0or allsupportedanalyticeventswithpeopleandvehiclesandallvehiclesub-typesasclassifiedobjects.appearance.,missing,present,missing
the product provides the product provides avigilonunityvideo8.4or alladvancedz-wavecompatibilityfeatures.,missing,present,missing
the product provides the product provides axis calculates the dori values using pixel densities for.,present,missing,missing
the product provides the product provides axis cameras with wide dynamic range (wdr).,present,missing,missing
the product provides the product provides axis edge vault is the hardware-based cybersecurity.,present,missing,missing
"the product provides the product provides axis edgevault color may be the critical factor to identify a person, an.",present,missing,missing
the product provides the product provides axis m3905-r dome camera.,present,missing,missing
"the product provides the product provides axis.com/cybersecurity lensm123.6mm,f2.0:horizontalfieldofview88°.",present,missing,missing
the product provides the product provides axis.com/environmental-responsibility.,present,missing,missing
the product provides the product provides axisabinvariousjurisdictions.allothertrademarksarethepropertyoftheirrespectiveowners.wereservetherightto.,present,missing,missing
"the product provides the product provides axiscamerastationpro,axiscamerastation5,and.",present,missing,missing
the product provides the product provides axiscommunicationsisasignatoryoftheunglobal.,present,missing,missing
"the product provides the product provides axisfenceguard,axisloiteringguard,axismotion.",present,missing,missing
the product provides the product provides axishardeningguide.,present,missing,missing
the product provides the product provides axism3905-rdomecamera.,present,missing,missing
the product provides the product provides axism3905-rm122.8mm h.264(mpeg-4part10/avc)mainandhighprofiles.,present,missing,missing
the product provides the product provides axism3905-rm123.6mm.,present,missing,missing
the product provides the product provides axism3905-rrj452.8mm videocompression.,present,missing,missing
the product provides the product provides axism3905-rrj453.6mm.,present,missing,missing
the product provides the product provides axisossoftwarebillofmaterial(sbom) optional accessories.,present,missing,missing
the product provides the product provides axissecuritydevelopmentmodel.,present,missing,missing
"the product provides the product provides axissitedesigner,axisdevicemanager,product.",present,missing,missing
"the product provides the product provides axist94d01smountbracket,.",present,missing,missing
the product provides the product provides axisvulnerabilitymanagementpolicy.,present,missing,missing
"the product provides the product provides axiszipstream,forensicwdr,lightfinder.",present,missing,missing
the product provides the product provides axiszipstreamtechnologyinh.264andh.265.,present,missing,missing
the product provides the product provides backlightcompensation adjustable.,missing,present,missing
"the product provides the product provides balance,forensicwdr,exposurecontrol,exposure.",present,missing,missing
the product provides the product provides bandwidth and storage requirements by an average of.,present,missing,missing
the product provides the product provides bandwidthmanagement hdsmsmartcodectechnology;idlescenemode.,missing,present,missing
the product provides the product provides behavior 25%powerifbelow-25°c(-13°f).,missing,present,missing
"the product provides the product provides belowoperatingtemperature,belowoperating.",present,missing,missing
the product provides the product provides between the darkest and the brightest spots can spell.,present,missing,missing
the product provides the product provides black 427c).,missing,present,missing
the product provides the product provides black.,missing,present,missing
the product provides the product provides body polycarbonateandaluminum polycarbonateandaluminum polycarbonateandaluminum.,missing,present,missing
the product provides the product provides boxcontent.,present,missing,missing
the product provides the product provides built-in installationaids.,present,missing,missing
the product provides the product provides cabling cat5e.,missing,present,missing
the product provides the product provides cam-fips cameralicensetoenablefipscryptographicmodule.,missing,present,missing
the product provides the product provides camera adjustment.,present,missing,missing
the product provides the product provides camera motionjpeg.,present,missing,missing
"the product provides the product provides camera,installationguide,windows®decoder1-user.",present,missing,missing
the product provides the product provides camera.,missing,present,missing
"the product provides the product provides cameras.bothcameraformsofferlow-lightvisibility,.",missing,present,missing
the product provides the product provides cameratamperdetection yes.,missing,present,missing
the product provides the product provides can be verified as untampered. each camera uses its.,present,missing,missing
the product provides the product provides captureclearimagesevenintotaldarknesswithourir.,missing,present,missing
the product provides the product provides caralarm upto30meters.,missing,present,missing
"the product provides the product provides casing axist94d02scurvedmountbracket,.",present,missing,missing
"the product provides the product provides casing tm3101pendantwallmount,axistp3826-ehousing,.",present,missing,missing
"the product provides the product provides ce,ece,kc,rcm,ul/cul,ukca,vcci,weee.",present,missing,missing
"the product provides the product provides centralizedadfsaccountmanagement,password maximum(intermittent):70°c(158°f).",present,missing,missing
the product provides the product provides certifications.,missing,present,missing
"the product provides the product provides certifications/approvals ul,cul,fcc,ic,z-wave.",missing,present,missing
the product provides the product provides cladp-1001 in-ceilingadapter.,missing,present,missing
the product provides the product provides clpnl-1011 metalceilingpanelforsuspendedceilinginstallations.,missing,present,missing
the product provides the product provides color:0.02luxat30iref1.2 noisereduction.,present,missing,missing
the product provides the product provides color:0.04luxat30iref2.0.,present,missing,missing
the product provides the product provides color:0.07luxat50iref1.2 spatialfilter(2dnoisereduction).,present,missing,missing
the product provides the product provides color:0.13luxat50iref2.0.,present,missing,missing
the product provides the product provides coloroftrafficlightsindarkscenes.optionalm12lensesareavailabletoadjustfieldofviewforcustomizedmonitoring.,present,missing,missing
the product provides the product provides com/about-axis/sustainability.,present,missing,missing
"the product provides the product provides combinemultipleusecasesintoonewiththeavigilonh6xpdomecamera,empoweringyoutodomorewith.",missing,present,missing
"the product provides the product provides communication (ieee 802.1x, https, axis device id,.",present,missing,missing
"the product provides the product provides compact,readmoreatunglobalcompact.org.",present,missing,missing
"the product provides the product provides compatiblewithaxiscamerastationedge,.",present,missing,missing
the product provides the product provides complianttpmandsecureboot.,missing,present,missing
"the product provides the product provides compression, lighting conditions, and camera focus. use.",present,missing,missing
the product provides the product provides connector rj-45.,missing,present,missing
the product provides the product provides connectors.,present,missing,missing
the product provides the product provides connectwithz-wavecompatibledevicestoenhancecontrol beproactivewithadvancedanalyticsthatdetectunusual.,missing,present,missing
"the product provides the product provides control remotezoomandfocus,autofocus,ircutfilter.",missing,present,missing
the product provides the product provides controllableframerateandbandwidth.,present,missing,missing
the product provides the product provides costs.,missing,present,missing
the product provides the product provides credentialflow/openidauthorizationcodeflowfor -30°cto55°c(-22°fto131°f).,present,missing,missing
the product provides the product provides criteria or fips 140 certified hardware-based.,present,missing,missing
the product provides the product provides crnmt-1001 cornermountadapter.,missing,present,missing
the product provides the product provides crowdanalytics.classifiedobjectprivacymasking.,missing,present,missing
the product provides the product provides crowdsize thiseventistriggeredwhenthenumberofpeopleisexceededoveraconfigurableduration.,missing,present,missing
the product provides the product provides cryptographic information used for secure.,present,missing,missing
the product provides the product provides cryptographiccomputingmodule.,present,missing,missing
the product provides the product provides cybersecurity.,present,missing,missing
"the product provides the product provides cybersecurity/resources lensm122.1mm,f2.2:horizontalfieldofview145°.",present,missing,missing
the product provides the product provides cybersecurityfeaturessuchasanonboardfips140-2level3.,missing,present,missing
the product provides the product provides datasheet 4mp 8mp.,missing,present,missing
the product provides the product provides datasheet.,present,missing,missing
"the product provides the product provides day/nightcontrol automatic,manual,external.",missing,present,missing
"the product provides the product provides depends on factors such as object motion, video.",present,missing,missing
the product provides the product provides details.,missing,present,missing
the product provides the product provides detect 25px/m(8px/ft) 21.1m(69.2ft).,present,missing,missing
the product provides the product provides detect 25px/m(8px/ft) 50.6m(166.0ft).,present,missing,missing
"the product provides the product provides detect,observe,recognize, identify(dori).",present,missing,missing
"the product provides the product provides devicemanagement snmpv2c,snmpv3.",missing,present,missing
"the product provides the product provides devicestatus:aboveoperatingtemperature,aboveor.",present,missing,missing
the product provides the product provides different use cases as recommended by the en-62676-4.,present,missing,missing
the product provides the product provides digestauthenticationandoauth2.0rfc6749client operating conditions.,present,missing,missing
"the product provides the product provides digitalptz,presetpositions,guardtour,controlqueue.",present,missing,missing
"the product provides the product provides dimensions(dxh) 182mmx132mm;7.16""x5.19"" 219mmx198mm;8.62""x7.79"" 182mmx190mm;7.16""x7.48"".",missing,present,missing
the product provides the product provides dimensions.,present,missing,missing
the product provides the product provides directionviolated theeventistriggeredwhenanobjectmovesintheprohibiteddirectionoftravel.,missing,present,missing
the product provides the product provides distancesintherealworld.,present,missing,missing
the product provides the product provides dmbbl-1001 replacementcleardomebubble.,missing,present,missing
the product provides the product provides dmbbl-1011 replacementirdomebubble.,missing,present,missing
"the product provides the product provides dmsbl-1001 optionalsmokeddomebubble,notcompatiblewiththeircameras.",missing,present,missing
the product provides the product provides dmsld-1001 weathershieldfordomecameras.,missing,present,missing
the product provides the product provides documentation.,present,missing,missing
the product provides the product provides dogbark upto15meters.,missing,present,missing
the product provides the product provides dome (pantone427c)&powdercoat injectionmoldgrey(pantone.,missing,present,missing
the product provides the product provides dome (pantone427c)&powdercoat.,missing,present,missing
the product provides the product provides dome camera accessories.,missing,present,missing
the product provides the product provides dome camera with in-ceiling mount.,missing,present,missing
the product provides the product provides dome camera with npt adapter and pendant wall mount.,missing,present,missing
the product provides the product provides dome camera with npt adapter.,missing,present,missing
the product provides the product provides dome camera with surface mount.,missing,present,missing
the product provides the product provides dome camera.,missing,present,missing
the product provides the product provides dome.,missing,present,missing
the product provides the product provides domebubble polycarbonate polycarbonate polycarbonate.,missing,present,missing
the product provides the product provides dscp.,missing,present,missing
the product provides the product provides dynamicrange wdroff upto83db.,missing,present,missing
the product provides the product provides edge security.,present,missing,missing
"the product provides the product provides edgestorage:recordingongoing,storagedisruption en55032classa,en55035,en61000-6-1,.",present,missing,missing
the product provides the product provides effectively reduces visible noise and artifacts to deliver.,present,missing,missing
the product provides the product provides electrical.,missing,present,missing
"the product provides the product provides electromagneticemissions fccpart15subpartbclassb,ices-003classb.",missing,present,missing
the product provides the product provides electromagneticimmunity n/a.,missing,present,missing
the product provides the product provides electronicimagestabilization yes.,missing,present,missing
"the product provides the product provides electronicshuttercontrol automatic,manual(1/7.5to1/15000sec).",missing,present,missing
"the product provides the product provides english,german,french,spanish,italian,russian,.",present,missing,missing
the product provides the product provides environment power.,present,missing,missing
"the product provides the product provides environmental iec60529ip66,ip67,ip68(1.8mdepthfor2hours),nema4x,iec60068-2shock&vibration,nemats2sec2.2.7-.",missing,present,missing
the product provides the product provides environmental indoordome outdoordome.,missing,present,missing
the product provides the product provides environmentalresponsibility.,present,missing,missing
"the product provides the product provides etsien303645,bsiitsecuritylabel storage.",present,missing,missing
the product provides the product provides eu/anden63000:2018.,present,missing,missing
the product provides the product provides eventactions.,present,missing,missing
the product provides the product provides eventconditions.,present,missing,missing
the product provides the product provides external 131°f) poe+).,missing,present,missing
"the product provides the product provides externali/oterminals 1xrelayin,1xrelayout,1x12vdcoutat50ma.",missing,present,missing
the product provides the product provides externalpower 12-24vdc+/-10%.,missing,present,missing
the product provides the product provides finish indoor plasticinjectionmoldgrey(pantone427c) plasticinjectionmoldgrey powdercoatgrey&plastic.,missing,present,missing
"the product provides the product provides finnish,turkish,thai,vietnamese.",present,missing,missing
the product provides the product provides flexibility and compliance at your fingertips.,missing,present,missing
"the product provides the product provides flickercontrol 60hz,50hz.",missing,present,missing
the product provides the product provides for indoor surveillance onboard buses.,present,missing,missing
the product provides the product provides forensicwdr.,present,missing,missing
the product provides the product provides forensicwdr:upto120dbdependingonscene.,present,missing,missing
"the product provides the product provides formoreaccessories,seeaxis.com/products/axis-.",present,missing,missing
"the product provides the product provides formoreinformation,seeaxis.com/glossary.",present,missing,missing
"the product provides the product provides formoreinformation,visithttps://www.avigilon.com/security-cameras/h6a-domeor.",missing,present,missing
"the product provides the product provides forproductsupport,visit:avigilon.comorsales@avigilon.com.",missing,present,missing
the product provides the product provides forsdcardandnasrecommendationsseeaxis.com.,present,missing,missing
the product provides the product provides foundation that all secure operations depend on and.,present,missing,missing
the product provides the product provides full-color video with a minimum of motion blur even in.,present,missing,missing
"the product provides the product provides furthermore, signed video ensures that video evidence.",present,missing,missing
"the product provides the product provides general lensm128mm,f1.6:horizontalfieldofview39°.",present,missing,missing
"the product provides the product provides glass,screamingandmore.quicklyreviewvideofromthe vehiclesappearingoncamera,withtheflexibilityfor.",missing,present,missing
the product provides the product provides glassbreak upto15meters.,missing,present,missing
"the product provides the product provides grom-1001 camerasealinggrommet,packof10.",missing,present,missing
"the product provides the product provides grom-1011 pipesealinggrommet,packof10.",missing,present,missing
the product provides the product provides guard.,present,missing,missing
the product provides the product provides guardtours.,present,missing,missing
the product provides the product provides guidelines.,present,missing,missing
the product provides the product provides h.265(mpeg-hpart2/hevc)mainprofile.,present,missing,missing
the product provides the product provides h.265andmotionjpeg.,present,missing,missing
the product provides the product provides h6a-mt-npta1 pendantnptadapter.,missing,present,missing
the product provides the product provides h6xp dome camera.,missing,present,missing
the product provides the product provides hardware:axisedgevaultcybersecurityplatform.,present,missing,missing
the product provides the product provides higher searchwhenpairedwithappropriateserverhardware.unusualactivitydetection.h.265supported.audioanalytics.,missing,present,missing
the product provides the product provides higher.,missing,present,missing
the product provides the product provides highlightedcapabilities.,present,missing,missing
the product provides the product provides horizontalangle 4mp (16:9)47°–111° (16:9)15°–42°.,missing,present,missing
the product provides the product provides horizontalfieldofview:107°.,present,missing,missing
the product provides the product provides horizontalfieldofview:88° h.264andh.265:25/30fps(50/60hz)inallresolutions.,present,missing,missing
the product provides the product provides housing surfacemount recessedmount pendantmount.,missing,present,missing
"the product provides the product provides https/hsts4,tlsv1.2/v1.34,networktimesecurity.",present,missing,missing
the product provides the product provides https://www.avigilon.com/security-cameras/h6x-dome.,missing,present,missing
the product provides the product provides humidity 0-95%non-condensing.,missing,present,missing
"the product provides the product provides i/o:manualtrigger,virtualinput en61000-6-2,ecer10rev.06(eapproval),en50498,.",present,missing,missing
the product provides the product provides identify 250px/m(76px/ft) 2.1m(6.9ft).,present,missing,missing
the product provides the product provides identify 250px/m(76px/ft) 5.1m(16.7ft).,present,missing,missing
"the product provides the product provides iec/en/ul62368-1,can/csac22.2no.62368-1,.",present,missing,missing
"the product provides the product provides iec/en60529ip66,iec/en60529ip67, poweroverethernet(poe)ieee802.3af/802.3attype1.",present,missing,missing
"the product provides the product provides iec/en62262ik10, class1.",present,missing,missing
"the product provides the product provides iec60068-2-1,iec60068-2-2,iec60068-2-27,.",present,missing,missing
"the product provides the product provides iec60068-2-64,iec60068-2-78,iec60068–2–14.",present,missing,missing
"the product provides the product provides iec60721-3-5class5m3(vibrationandshock), typical2.2w,max3.8w.",present,missing,missing
"the product provides the product provides ieee802.1ae(macsecpsk/eap-tls),ieee802.1ar,.",present,missing,missing
"the product provides the product provides ieee802.1x(eap-tls,peap-mschapv2)4,.",present,missing,missing
the product provides the product provides illumination withoutir:0.003luxinmonochrome withoutir:0.004luxinmonochromemode;0.01luxincolormode.,missing,present,missing
the product provides the product provides illumination.,missing,present,missing
"the product provides the product provides imagecompressionmethod h.264hdsmsmartcodec,h.265hdsmsmartcodec,motionjpeg.",missing,present,missing
the product provides the product provides imagecontrol.,missing,present,missing
the product provides the product provides imageperformance 4.0mp 8.0mp(4kultrahd).,missing,present,missing
the product provides the product provides imageprocessing.,present,missing,missing
"the product provides the product provides imagerotation 0°,90°,180°,270°includingcorridormode.",missing,present,missing
the product provides the product provides imagesensor 1/1.8”progressivescancmos.,missing,present,missing
the product provides the product provides imagesensor resolution.,present,missing,missing
the product provides the product provides important forensic details clearly and seeing nothing but.,present,missing,missing
the product provides the product provides important forensic in the video stream while lowering.,present,missing,missing
"the product provides the product provides in low light better than the human eye. in surveillance,.",present,missing,missing
the product provides the product provides in very low light. cameras with lightfinder discern color.,present,missing,missing
the product provides the product provides in-ceilingmount orderoneof:.,missing,present,missing
the product provides the product provides indoor dome.,missing,present,missing
the product provides the product provides indoordome outdoordome.,missing,present,missing
"the product provides the product provides information is identified, recorded, and sent in full.",present,missing,missing
the product provides the product provides insidevehicles.,present,missing,missing
"the product provides the product provides installationofthird-partyapplications,seeaxis.com/.",present,missing,missing
"the product provides the product provides intelligencetocovermultipleusecases,allwhilereducing objectswitheventsupport,includingvansandvarioustrucks.",missing,present,missing
the product provides the product provides introducemodificationswithoutnotice.,present,missing,missing
"the product provides the product provides ip66/67-andik10-ratedaluminumandpolycarbonate networkcouplerip66,networkcablecouplerindoor,.",present,missing,missing
"the product provides the product provides ipv4,ipv6usgv6,http,https2,http/2,tls2,qoslayer notification:http,https,tcpandemail.",present,missing,missing
the product provides the product provides ir illumination poe irilluminatorwillturnoffifthetemperatureis65°c(149°f)orhigher.theilluminatorwilloperateat50%powerand.,missing,present,missing
the product provides the product provides irilluminationmaxdistance2 50m(164ft)fulltele 70m(230ft)fulltele.,missing,present,missing
"the product provides the product provides iriscontrol automatic,open,closed,p-iris.",missing,present,missing
the product provides the product provides is13252.,present,missing,missing
the product provides the product provides its integrity and protect sensitive information from.,present,missing,missing
the product provides the product provides keystore is the critical building-block for protecting.,present,missing,missing
the product provides the product provides l cladp-1001.,missing,present,missing
the product provides the product provides l clpnl-1011(metalceilingpanel).,missing,present,missing
the product provides the product provides l crnmt-1001(cornermountadapter).,missing,present,missing
the product provides the product provides l dmsld-1001(weathershield).,missing,present,missing
the product provides the product provides l h6a-mt-npta1.,missing,present,missing
the product provides the product provides l indoororoutdoorin-ceilingmount.,missing,present,missing
the product provides the product provides l indoororoutdoorsurfacemount.,missing,present,missing
the product provides the product provides l plmt-1001(polemountadapter).,missing,present,missing
the product provides the product provides l wlmt-1021.,missing,present,missing
the product provides the product provides languages.,present,missing,missing
the product provides the product provides lens.,present,missing,missing
the product provides the product provides lensandir 4.4-9.3mm 10.9-29mm.,missing,present,missing
"the product provides the product provides lensm126mm,f1.6:horizontalfieldofview51°.",present,missing,missing
"the product provides the product provides license,lenstool.",present,missing,missing
the product provides the product provides lightfinder.,present,missing,missing
the product provides the product provides loudnoise upto40meters.,missing,present,missing
the product provides the product provides low-lightclarity.,missing,present,missing
"the product provides the product provides m12mount,fixediris.",present,missing,missing
the product provides the product provides m3905-r#accessories.,present,missing,missing
the product provides the product provides makes dark areas in a scene visible and captures details.,present,missing,missing
the product provides the product provides makingthecameramorepowerfulandreducingownershipcosts.,missing,present,missing
the product provides the product provides margins when planning. the pixel density varies across.,present,missing,missing
the product provides the product provides materials.,present,missing,missing
the product provides the product provides maxaperture f1.3 f1.7.,missing,present,missing
the product provides the product provides maximagerate (50hz/60hz):50fps/60fpsinhighframerate (50hz/60hz):25fps/30fps.,missing,present,missing
"the product provides the product provides maxresolution primary (16:9)2688x1520,2560x1440,1920x1080 (16:9)3840x2160,3328x1872,3200x1800,3072x1728.",missing,present,missing
the product provides the product provides mechanical surfacemount in-ceilingmount pendantmount.,missing,present,missing
"the product provides the product provides memory 4gbram,4gbflash.",missing,present,missing
the product provides the product provides memory.,present,missing,missing
"the product provides the product provides microphone built-inmicrophoneforaudioanalytics,forcertainvariants,withphysicaldisableswitch.",missing,present,missing
the product provides the product provides minimizingmaintenancewhileensuringconsistent.,missing,present,missing
the product provides the product provides minimum 4mp withir:0luxinmonochromemode withir:0luxinmonochromemode.,missing,present,missing
the product provides the product provides minimum illumination.,present,missing,missing
the product provides the product provides minimumfocusdistance:0.3m(1ft).,present,missing,missing
the product provides the product provides mode person.,missing,present,missing
the product provides the product provides mode.,missing,present,missing
"the product provides the product provides mode1,otherwise25fps/30fps.",missing,present,missing
the product provides the product provides mode;0.008luxincolormode.,missing,present,missing
the product provides the product provides mode;0.02luxincolormode.,missing,present,missing
the product provides the product provides model mp wdr lightcatcher lens ir analytics hdsm microphone.,missing,present,missing
the product provides the product provides model.,present,missing,missing
the product provides the product provides motiondetection pixelmotion:selectablesensitivityandthreshold.classifiedobjectdetection.,missing,present,missing
"the product provides the product provides motorolasolutions,inc.500westmonroestreet,chicago,il60661u.s.a.motorolasolutions.com.",missing,present,missing
"the product provides the product provides motorolatrademarkholdings,llcandareusedunderlicense.allothertrademarksarethepropertyoftheirrespectiveowners.",missing,present,missing
the product provides the product provides mounting.,present,missing,missing
the product provides the product provides mountingscenario orderinginformation.,missing,present,missing
the product provides the product provides mp wdr lightcatcher technology lens ir analytics hdsm smartcodec microphone.,missing,present,missing
the product provides the product provides mqttpublish.,present,missing,missing
the product provides the product provides mqttsubscribe australia/newzealand:rcmas/nzscispr32classa.,present,missing,missing
"the product provides the product provides mqttv3.1.1,syslog,link-localaddress(zeroconf) wdrmode.",present,missing,missing
"the product provides the product provides multiple,individuallyconfigurablestreamsinh.264,.",present,missing,missing
the product provides the product provides ndaacompliant.,present,missing,missing
"the product provides the product provides near darkness. because it strips away noise, lightfinder.",present,missing,missing
"the product provides the product provides network 100base-txforh6a,1000base-tforh6x.",missing,present,missing
"the product provides the product provides network m12:female,rugged,d-codedwithrotatablecoupling.",present,missing,missing
the product provides the product provides network protocols emailandnetworkshare.,present,missing,missing
"the product provides the product provides network security height:50mm(1.97in),ø110mm(4.33in).",present,missing,missing
the product provides the product provides network.,present,present,missing
the product provides the product provides nistsp500-267 nut.,present,missing,missing
"the product provides the product provides nowdr:1/17000sto1/5s compression,brightness,sharpness,contrast,white.",present,missing,missing
"the product provides the product provides ntp,ptp,rtsp,rtp,srtp,tcp,udp,igmpv1/v2/v3, recordvideo:sdcardandnetworkshare.",present,missing,missing
the product provides the product provides numbers.,present,missing,missing
"the product provides the product provides object,oravehicle.",present,missing,missing
the product provides the product provides objectappearsorenters theeventistriggeredbyeachobjectthatenterstheregionofinterest.,missing,present,missing
the product provides the product provides objectloitering theeventistriggeredwhentheselectedobjecttypemovesintotheregionofinterestandthenstaysforanextended.,missing,present,missing
the product provides the product provides objectnotpresentinarea theeventistriggeredwhennoobjectsarepresentintheregionofinterest.,missing,present,missing
the product provides the product provides objects.,missing,present,missing
the product provides the product provides objectscrossingbeam theeventistriggeredwhenthespecifiednumberofobjectshavecrossedthedirectionalbeamthatisconfiguredover.,missing,present,missing
the product provides the product provides objectsenterarea theeventistriggeredwhenthespecifiednumberofobjectshaveenteredtheregionofinterest.,missing,present,missing
the product provides the product provides objectsinarea theeventistriggeredwhentheselectedobjecttypemovesintotheregionofinterest.thiseventcanbeusedtocount.,missing,present,missing
the product provides the product provides objectsleavearea theeventistriggeredwhenthespecifiednumberofobjectshavelefttheregionofinterest.,missing,present,missing
the product provides the product provides objectstopsinarea theeventistriggeredwhenanobjectmovesintoaregionofinterestandthenstopsmovingforthespecifiedthreshold.,missing,present,missing
the product provides the product provides objecttypesinindoor person.,missing,present,missing
"the product provides the product provides objecttypesinoutdoor vehicle,sub-types:car,pickuptruck,largetruck,van,bicycle,motorcycle,bus.",missing,present,missing
the product provides the product provides observe 63px/m(19px/ft) 20.1m(65.9ft).,present,missing,missing
the product provides the product provides observe 63px/m(19px/ft) 7.4m(24.3ft).,present,missing,missing
"the product provides the product provides offer features to protect the device’s identity, safeguard.",present,missing,missing
the product provides the product provides ofimages.,present,missing,missing
the product provides the product provides ofviewbasedon (4:3)35°–78° (4:3)11°–31°.,missing,present,missing
the product provides the product provides onboardstorage3 twomicrosd/microsdhc/microsdxcslots–videospeedclasscardrequired.classv10orbetterrecommended.,missing,present,missing
the product provides the product provides one-clickcloudconnection applications.,present,missing,missing
the product provides the product provides onscreencontrols.,present,missing,missing
"the product provides the product provides onvif onvif®complianceprofiles,profilet,profilemandprofileg(www.onvif.org).",missing,present,missing
"the product provides the product provides onvif®profileg,onvif®profilem,onvif®profiles included.",present,missing,missing
"the product provides the product provides openapiforsoftwareintegration,includingvapix® analytics.",present,missing,missing
the product provides the product provides operating poe -10°cto+55°c(-14°fto -30°cto+65°c(-22°fto149°f)withieee802.3afclass3(13wpoe).,missing,present,missing
the product provides the product provides optional:.,missing,present,missing
the product provides the product provides ordering information.,missing,present,missing
"the product provides the product provides os, the device is also able to validate new device.",present,missing,missing
the product provides the product provides other.,present,missing,missing
the product provides the product provides outdoor 1.59kg;3.5lbs 1.99kg;4.38lbs 2.01kg;4.43lbs.,missing,present,missing
the product provides the product provides outdoor dome.,missing,present,missing
the product provides the product provides outdoor powdercoatgrey(pantone427c) plasticinjectionmoldgrey powdercoatgrey(pantone427c).,missing,present,missing
the product provides the product provides outline dimensions.,missing,present,missing
"the product provides the product provides overlay,32individualpolygonalprivacymask,mirroring.",present,missing,missing
the product provides the product provides pan/tilt/zoom.,present,missing,missing
the product provides the product provides pan:±30°.,present,missing,missing
the product provides the product provides partnumbers.,present,missing,missing
the product provides the product provides pendantnptmount orderoneof:.,missing,present,missing
the product provides the product provides pendantwallmount orderoneof:.,missing,present,missing
the product provides the product provides performanceinallconditions.,missing,present,missing
the product provides the product provides peripherals.,missing,present,missing
the product provides the product provides pixelcounter.,present,missing,missing
the product provides the product provides pixelsize2.8µm 16:10:1280x800to640x400.,present,missing,missing
the product provides the product provides platform that safeguards the axis device. it forms the.,present,missing,missing
the product provides the product provides plmt-1001 polemountadapter.,missing,present,missing
the product provides the product provides poe+ ieee802.3atclass4.,missing,present,missing
the product provides the product provides poe+ irilluminatorwillturnoffifthetemperatureis65°c(149°f)orhigher.theilluminatorwilloperateat50%powerifthe.,missing,present,missing
the product provides the product provides poe+.,missing,present,missing
the product provides the product provides poe.,missing,present,missing
"the product provides the product provides polish,traditionalchinese,dutch,czech,swedish,.",present,missing,missing
the product provides the product provides possibility to recognize or identify a person or object.,present,missing,missing
the product provides the product provides powerconsumption 25w(18wwithnoirorirdisabled).,missing,present,missing
the product provides the product provides poweror.,missing,present,missing
the product provides the product provides powersource poe ieee802.3afclass3.,missing,present,missing
the product provides the product provides prevents physical supply chain tampering. with signed.,present,missing,missing
the product provides the product provides primary.,missing,present,missing
the product provides the product provides privacymasks.,present,missing,missing
the product provides the product provides privacyzones upto64zones.,missing,present,missing
the product provides the product provides product markings.,present,missing,missing
"the product provides the product provides protection,aes-xts-plain64256bitsdcardencryption humidity:10-100%rh(condensing).",present,missing,missing
"the product provides the product provides protocols ipv6,ipv4,http,https,soap,dns,ntp,rtsp,rtcp,rtp,tcp,udp,igmpv3,icmp,dhcp,zeroconf,hsts,qos,.",missing,present,missing
the product provides the product provides protocols.,missing,present,missing
the product provides the product provides purposes.,present,missing,missing
"the product provides the product provides pvcfree,bfr/cfrfree.",present,missing,missing
"the product provides the product provides radio fccpart15subpartc,fcckdb447498,rss-210,rss-102.",missing,present,missing
the product provides the product provides reachinaccordancewith(ec)no1907/2006.forscip.,present,missing,missing
the product provides the product provides recognize 125px/m(38px/ft) 10.1m(33.1ft).,present,missing,missing
the product provides the product provides recognize 125px/m(38px/ft) 4.2m(13.8ft).,present,missing,missing
the product provides the product provides recycledaluminum:95%.,present,missing,missing
the product provides the product provides redundantpower seamlessfailoverbetweenpoeandauxandbackwithoutinterruptincameraoperation(forh6xonly).,missing,present,missing
"the product provides the product provides regulations including fire-safety for buses. it can withstand vibrations and a wide range of temperatures. additionally,.",present,missing,missing
the product provides the product provides resolutionandframerate.,present,missing,missing
"the product provides the product provides rj45:male,10base-t/100base-tx.",present,missing,missing
the product provides the product provides rohsinaccordancewitheurohsdirective2011/65/.,present,missing,missing
the product provides the product provides rotation:±175°.,present,missing,missing
the product provides the product provides rtcbackupbattery 3vmanganeselithium.,missing,present,missing
"the product provides the product provides rtcp,icmp,dhcpv4/v6,arp,socks,ssh,lldp,cdp, snmptrapmessages.",present,missing,missing
the product provides the product provides s6lm55.,present,missing,missing
the product provides the product provides safety.,present,missing,missing
"the product provides the product provides safetystandards ul62368-1,csa62368-1,iec/en62368-1,iec62471,ul2043plenum4.",missing,present,missing
"the product provides the product provides sceneprofiles:forensic,vivid,trafficoverview.",present,missing,missing
the product provides the product provides scheduledandrecurring:scheduledevent canada:ices-3(a)/nmb-3(a).,present,missing,missing
the product provides the product provides scream upto15meters.,missing,present,missing
the product provides the product provides screenedforconflictmineralsinaccordancewithoecd.,present,missing,missing
"the product provides the product provides secondary (16:9)2688x1520*,1920x1080,1280x720,768x (16:9)3840x2160*,2560x1440,1920x1080,1280x720,.",missing,present,missing
the product provides the product provides secondary.,missing,present,missing
the product provides the product provides secure connections are provided through a common.,present,missing,missing
"the product provides the product provides secure keystore, to add a signature into the video stream.",present,missing,missing
the product provides the product provides secure&compliant.,missing,present,missing
"the product provides the product provides secureboot,encryptedfilesystem(aes-xts-plain64 -40°cto65°c(-40°fto149°f).",present,missing,missing
"the product provides the product provides secureelement(cceal6+),system-on-chipsecurity.",present,missing,missing
"the product provides the product provides security passwordprotection,httpsencryption,digestauthentication,wsauthentication,useraccesslog,802.1xportbased.",missing,present,missing
the product provides the product provides seeoptionalaccessoriesforexchangeablelenses.,present,missing,missing
"the product provides the product provides selector,accessoryselector,lenscalculator.",present,missing,missing
the product provides the product provides shutterspeed.,present,missing,missing
the product provides the product provides signal-to-noiseratio(snr) >50d.,missing,present,missing
"the product provides the product provides simplifiedchinese,japanese,korean,portuguese,.",present,missing,missing
the product provides the product provides sm810-na-avo z-wavedoorcontactsensor.,missing,present,missing
"the product provides the product provides smartmotionrule eventsaresentforperson(includingcrawling)andvehiclepresent,againstdefaultunchangeableparameters.",missing,present,missing
the product provides the product provides smokealarm upto15meters.,missing,present,missing
the product provides the product provides software before accepting to install it. and the secure.,present,missing,missing
"the product provides the product provides software:signedos,bruteforcedelayprotection,.",present,missing,missing
the product provides the product provides solutions/edge-vault.,present,missing,missing
the product provides the product provides sp816-na-avo z-waveoutdoormotionsensor.,missing,present,missing
the product provides the product provides sp817-na-avo z-waveindoormotionsensor.,missing,present,missing
the product provides the product provides specifications.,missing,present,missing
the product provides the product provides specificationsataxis.com/developer-community.,present,missing,missing
the product provides the product provides standard. the calculations use the center of the image as.,present,missing,missing
the product provides the product provides standards.,missing,present,missing
"the product provides the product provides standards/ratings 2.2.9,ik11.",missing,present,missing
the product provides the product provides startup poe -10°cto+55°c(-14°fto -30°cto+65°c(-22°fto149°f)withieee802.3afclass3(13wpoe).,missing,present,missing
"the product provides the product provides stayalertwithreal-timenotificationsforgunshots1,breaking preservepeople’sprivacybytrackingandblurringpeopleand.",missing,present,missing
the product provides the product provides storagetemperature -10°cto+70°c(14°fto158°f).,missing,present,missing
"the product provides the product provides streaming multi-streamh.264,multi-streamh.265,motionjpeg.",missing,present,missing
"the product provides the product provides streamingprotocols rtp/udp,rtp/udpmulticast,rtp/rtsp/tcp,rtp/rtsp/http/tcp,rtp/rtsp/https/tcp,http,srtp.",missing,present,missing
the product provides the product provides streamreusefunctionality.,present,missing,missing
the product provides the product provides substancecontrol.,present,missing,missing
the product provides the product provides supply chain.,present,missing,missing
the product provides the product provides support.,missing,present,missing
the product provides the product provides supported.,present,missing,missing
the product provides the product provides supportedanalyticsevents1.,missing,present,missing
the product provides the product provides supportedaudioanalyticsevents.,missing,present,missing
the product provides the product provides supportedclassifiedobjecttypes.,missing,present,missing
the product provides the product provides supportforaxiscameraapplicationplatformenabling.,present,missing,missing
the product provides the product provides supportformicrosd/microsdhc/microsdxccardwith.,present,missing,missing
the product provides the product provides supportforrecordingtonetwork-attachedstorage.,present,missing,missing
the product provides the product provides surfacemount in-ceilingmount pendantmount.,missing,present,missing
the product provides the product provides surfacemount orderoneof:.,missing,present,missing
the product provides the product provides sustainability.,present,missing,missing
the product provides the product provides system integration.,present,missing,missing
the product provides the product provides system on chip (soc).,present,missing,missing
the product provides the product provides system tools.,present,missing,missing
the product provides the product provides taacompliant.,present,missing,missing
the product provides the product provides tamperdetection theeventistriggeredwhenthesceneunexpectedlychanges.,missing,present,missing
"the product provides the product provides tampering korea:ksc9835,ksc9832classa,.",present,missing,missing
"the product provides the product provides teachbyexample yes,whenusedwithavigiloncontrolcenter™oravigilonunityvideo.",missing,present,missing
the product provides the product provides teachbyexample.,missing,present,missing
the product provides the product provides technology make the difference between seeing.,present,missing,missing
the product provides the product provides technology smartcodec.,missing,present,missing
the product provides the product provides temperature 131°f).,missing,present,missing
the product provides the product provides temperature emc.,present,missing,missing
"the product provides the product provides temperature,ipaddressremoved,networklost,newip.",present,missing,missing
the product provides the product provides temperature.,missing,present,missing
the product provides the product provides temperatureisbetween55°c(131°f)and65°c(149°f)and50%powerifbelow-25°c(-13°f).,missing,present,missing
the product provides the product provides temporalfilter(3dnoisereduction).,present,missing,missing
"the product provides the product provides tertiary (16:9)1280x720,768x432,640x360,512x288, (16:9)1920x10801280x720,768x432,640x360,512x.",missing,present,missing
the product provides the product provides tertiary.,missing,present,missing
"the product provides the product provides that a device can boot only with signed os, which.",present,missing,missing
"the product provides the product provides the axis lightfinder technology delivers high-resolution,.",present,missing,missing
the product provides the product provides the axis zipstream technology preserves all the.,present,missing,missing
the product provides the product provides the event of a security breach. the secure keystore and.,present,missing,missing
"the product provides the product provides the image, and the calculated values can differ from the.",present,missing,missing
the product provides the product provides the reference point and consider lens distortion. the.,present,missing,missing
the product provides the product provides thecamera’sfieldofview.thebeamcanbeunidirectionalorbidirectional.,missing,present,missing
the product provides the product provides this compact and discreet 2 mp onboard camera for indoor surveillance complies with transportation-industry.,present,missing,missing
the product provides the product provides tilt:15-90°.,present,missing,missing
the product provides the product provides time.,missing,present,missing
the product provides the product provides tirescreech2 upto15meters.,missing,present,missing
"the product provides the product provides to learn more, visit: avigilon.com.",missing,present,missing
"the product provides the product provides to read more about axis edge vault, go to axis.com/.",present,missing,missing
"the product provides the product provides todownloaddocuments,gotoaxis.com/support/ lenses.",present,missing,missing
"the product provides the product provides toreadmoreaboutaxiscybersecuritysupport,goto lensm122.8mm,f1.2:horizontalfieldofview107°.",present,missing,missing
"the product provides the product provides toreadmoreaboutsustainabilityataxis,gotoaxis.",present,missing,missing
"the product provides the product provides tp3827cleardomecover,tp3830topblackcover.",present,missing,missing
the product provides the product provides triggeringcameraandchoosetorecordaudioasneeded. authorizedpersonneltoliftitduringinvestigations.,missing,present,missing
the product provides the product provides trouble for image usability and clarity. forensic wdr.,present,missing,missing
the product provides the product provides trustthatyourdataiswell-protectedwithadvanced.,missing,present,missing
the product provides the product provides uhsspeedclassu1.,present,missing,missing
the product provides the product provides ultrasonicpanicalarm3 upto40meters.,missing,present,missing
"the product provides the product provides unauthorized access. for instance, secure boot ensures.",present,missing,missing
the product provides the product provides unecer118.,present,missing,missing
"the product provides the product provides unique video signing key, which is securely stored in the.",present,missing,missing
the product provides the product provides unusualcrowdgrowth thiseventistriggeredwhenacrowdsizegrowsunexpectedly.,missing,present,missing
the product provides the product provides unusualcrowdsize thiseventistriggeredwhenanunusualcrowdsizeisdetected.,missing,present,missing
"the product provides the product provides uploadimagesorvideoclips:ftp,http,https,sftp,.",present,missing,missing
"the product provides the product provides upnp®,snmpv1/v2c/v3(mib-ii),dns/dnsv6,ddns, presetpositions.",present,missing,missing
the product provides the product provides upto4uniqueandconfigurablevideostreams1.,present,missing,missing
the product provides the product provides usa:fccpart15subpartbclassa.,present,missing,missing
the product provides the product provides usbport usb2.0.,missing,present,missing
the product provides the product provides utilization.auniquevideostreamcanbeservedtomanyvideoclientsinthenetworkusingmulticastorunicasttransportmethodviabuilt-in.,present,missing,missing
"the product provides the product provides uuid,seeaxis.com/partner.",present,missing,missing
the product provides the product provides variants.,present,missing,missing
the product provides the product provides vbr/abr/mbrh.264andh.265.,present,missing,missing
the product provides the product provides verticalangleof 4mp&8 (16:9)26°–57° (16:9)9°–23°.,missing,present,missing
the product provides the product provides verticalfieldofview:47° motionjpeg:15fps(50/60hz)inallresolutions.,present,missing,missing
the product provides the product provides verticalfieldofview:56°.,present,missing,missing
the product provides the product provides video.,present,missing,missing
"the product provides the product provides video:averagebitratedegradation,livestreamopen, japan:vcciclassa,.",present,missing,missing
the product provides the product provides videomanagementsoftwarefromaxis’partners.,present,missing,missing
the product provides the product provides videomanagementsystems.,present,missing,missing
the product provides the product provides videostreaming.,present,missing,missing
the product provides the product provides videostreamingindicator.,present,missing,missing
the product provides the product provides videotunedformaximalforensicusability.,present,missing,missing
the product provides the product provides viewbasedon mp (4:3)26°–57° (4:3)9°–23°.,missing,present,missing
the product provides the product provides warranty limited5yearwarranty(avigilon.com/warranty).,missing,present,missing
the product provides the product provides warranty.,present,missing,missing
the product provides the product provides wdroff.,missing,present,missing
the product provides the product provides wdron (iec62676).,missing,present,missing
"the product provides the product provides wdron upto106db(dualexposure,30fps)upto136db upto130db(dualexposure,30fps).",missing,present,missing
"the product provides the product provides wdron upto120db(dualexposure,30fps)upto144db upto144db(dualexposure,20fpsorless).",missing,present,missing
the product provides the product provides wdron.,missing,present,missing
the product provides the product provides weight indoor 1.21kg;2.66lbs 1.83kg;4.03lbs 1.63kg;3.59lbs.,missing,present,missing
the product provides the product provides weight.,present,missing,missing
the product provides the product provides whereitoriginated.,present,missing,missing
"the product provides the product provides whitebalance automatic,manual.",missing,present,missing
the product provides the product provides widedynamicrange.,present,missing,missing
the product provides the product provides with -10°cto+55°c(-14°fto -40°cto+65°c(-40°fto149°f)withexternalpowerorieee802.3atclass4(25.5w.,missing,present,missing
the product provides the product provides with -10°cto+55°c(-14°fto -50°cto+65°c(-58°fto149°f)withexternalpowerorieee802.3atclass4(25.5w.,missing,present,missing
the product provides the product provides with axis tp3826-e housing this dome camera can be mounted on the outside of a bus. thanks to lightfinder and.,present,missing,missing
the product provides the product provides with external poweror poe+.,missing,present,missing
the product provides the product provides withoutir:0.006luxinmonochrome withoutir:0.008luxinmonochromemode;0.03luxincolormode.,missing,present,missing
the product provides the product provides withwdr:1/19000sto1/5s imagesettings.,present,missing,missing
"the product provides the product provides wlmt-1021 pendantwallarm,1.5""nptfemale,20cm(7.8"")long.",missing,present,missing
the product provides the product provides writtenbyericyoung(eay@cryptsoft.com).,present,missing,missing
the product provides the product provides www.axis.com t10184436/en/m22.2/202511.,present,missing,missing
the product provides the product provides x.x mm.,missing,present,missing
"the product provides the product provides x960,768x576,640x480,512x384,384x288; 1600x1200,1280x960,768x576,640x480,512x384.",missing,present,missing
the product provides the product provides z-wave sensors.,missing,present,missing
the product provides the product provides z-wavecompatible ai-poweredvideoanalytics.,missing,present,missing
the product provides the product provides z-wavedoorcontactsensor(sm810).,missing,present,missing
the product provides the product provides z-waveindoormotionsensor(sp817).,missing,present,missing
the product provides the product provides z-waveoutdoormotionsensor(sp816).,missing,present,missing
the product provides the product provides z-wavepanicbutton(ac136).,missing,present,missing
the product provides the product provides zipstream.,present,missing,missing
"the product provides the product provides zones,finetuningofbehavioratlowlight,rotation:0°,.",present,missing,missing
"the product provides the product provides ©2022–2025axiscommunicationsab.axiscommunications,axis,artpecandvapixareregisteredtrademarksof.",present,missing,missing
"the product provides the product provides ©2025,avigiloncorporation.allrightsreserved.motorola,moto,motorolasolutionsandthestylizedmlogoaretrademarksorregisteredtrademarksof.",missing,present,missing
the product provides tilt: 60°.,missing,missing,present
"the product provides vcci, kcc, bis, nom, ul/cul/iec setup guide, t10 security torx screwdriver,.",missing,missing,present
"the product provides vehicle analytics motion search, trajectory analysis.",missing,missing,present
the product provides video security cloud license pricing (new/capacity increase).,missing,missing,present
the product provides video security cloud license pricing (renewal).,missing,missing,present
the product provides viewing station license pricing (new/capacity increase).,missing,missing,present
the product provides viewing station license pricing (renewal).,missing,missing,present
the product provides viewing station pricing.,missing,missing,present
the product provides visibility is necessary.,missing,missing,present
the product provides vx52-hw vx52 viewing station $499.,missing,missing,present
"the product provides weight body aluminum, plastic dome trim.",missing,missing,present
"the product provides with ir: 37-57v, 0.23-0.15a, 8.6w.",missing,missing,present
the product provides with ir: ieee 802.3af type 1 poe.,missing,missing,present
the product provides with mount plate.,missing,missing,present
the product provides without mount plate.,missing,missing,present
the product provides www.verkada.com sales@verkada.com 2.,missing,missing,present
the product provides www.verkada.com sales@verkada.com 3.,missing,missing,present
the product provides www.verkada.com sales@verkada.com 4.,missing,missing,present
the product provides www.verkada.com sales@verkada.com 5.,missing,missing,present
the product provides www.verkada.com sales@verkada.com 6.,missing,missing,present
the product provides www.verkada.com sales@verkada.com 7.,missing,missing,present
the product provides wwwwww..vveerrkkaaddaa..ccoomm 10122254 ssaalleess@@vveerrkkaaddaa..ccoomm 11.,missing,missing,present
"the product provides ø: 146.0mm / 5.75in, h: 104.3mm / 4.11in.",missing,missing,present
"the product provides ø: 146.0mm / 5.75in, h: 99.8mm / 3.93in.",missing,missing,present
the product provides • 1 / 2.8” progressive cmos image sensor • onboard storage and processing for reduced.,missing,missing,present
the product provides • 10 meters / 33 feet of ir range for nighttime viewing • 30 - 90 days (256gb - 768gb) of onboard storage.,missing,missing,present
the product provides • 3mp resolution bandwidth consumption and coverage at scale.,missing,missing,present
the product provides • onboard cv25s ambarella processor enables people • mounting plate and screw pack included.,missing,missing,present
the product provides • redundant cloud backup and unlimited cloud-based.,missing,missing,present
